Ruta,Orden,Latitud,Longitud
01: San Pedro de los Baños,1,19.55170381,-99.75627062
01: San Pedro de los Baños,2,19.55288339,-99.75715824
01: San Pedro de los Baños,3,19.56029667,-99.76109559
01: San Pedro de los Baños,4,19.5611435,-99.76127009
01: San Pedro de los Baños,5,19.56176408,-99.76137835
01: San Pedro de los Baños,6,19.56940215,-99.76007019
01: San Pedro de los Baños,7,19.57183758,-99.76012883
01: San Pedro de los Baños,8,19.57320192,-99.76025965
01: San Pedro de los Baños,9,19.57527603,-99.76091373
01: San Pedro de los Baños,10,19.58016598,-99.76303253
01: San Pedro de los Baños,11,19.60165036,-99.77291823
01: San Pedro de los Baños,12,19.61297213,-99.77566885
01: San Pedro de los Baños,13,19.61500749,-99.77579967
01: San Pedro de los Baños,14,19.61937634,-99.77697711
01: San Pedro de los Baños,15,19.62583237,-99.77867521
01: San Pedro de los Baños,16,19.62716053,-99.77931123
01: San Pedro de los Baños,17,19.6304151,-99.78010966
01: San Pedro de los Baños,18,19.63861232,-99.78219311
01: San Pedro de los Baños,19,19.64316972,-99.78328054
01: San Pedro de los Baños,20,19.64893452,-99.78705188
01: San Pedro de los Baños,21,19.66574146,-99.79910419
01: San Pedro de los Baños,22,19.65917585,-99.8024596
01: San Pedro de los Baños,23,19.6591801,-99.80246411
01: San Pedro de los Baños,24,19.65017828,-99.81150406
01: San Pedro de los Baños,25,19.64265376,-99.81968411
01: San Pedro de los Baños,26,19.65030066,-99.82671887
01: San Pedro de los Baños,27,19.65072257,-99.82680446
01: San Pedro de los Baños,28,19.65071407,-99.82680897
01: San Pedro de los Baños,29,19.65858207,-99.83454805
01: San Pedro de los Baños,30,19.65899413,-99.83457962
01: San Pedro de los Baños,31,19.65949539,-99.83423679
02: San Lorenzo de los Baños,1,19.55174398,-99.75630797
02: San Lorenzo de los Baños,2,19.55294144,-99.75721075
02: San Lorenzo de los Baños,3,19.55657185,-99.7591492
02: San Lorenzo de los Baños,4,19.56000987,-99.76095991
02: San Lorenzo de los Baños,5,19.560991,-99.76123708
02: San Lorenzo de los Baños,6,19.56173445,-99.76133571
02: San Lorenzo de los Baños,7,19.56937387,-99.76010972
02: San Lorenzo de los Baños,8,19.57288037,-99.76022204
02: San Lorenzo de los Baños,9,19.5755762,-99.76102217
02: San Lorenzo de los Baños,10,19.57973714,-99.76285515
02: San Lorenzo de los Baños,11,19.60152664,-99.77280608
02: San Lorenzo de los Baños,12,19.61287118,-99.77563983
02: San Lorenzo de los Baños,13,19.61669336,-99.77624265
02: San Lorenzo de los Baños,14,19.62117844,-99.77746766
02: San Lorenzo de los Baños,15,19.62589331,-99.7786695
02: San Lorenzo de los Baños,16,19.62752629,-99.77940959
02: San Lorenzo de los Baños,17,19.64325665,-99.78331932
02: San Lorenzo de los Baños,18,19.66575933,-99.79910665
02: San Lorenzo de los Baños,19,19.65924554,-99.80239108
02: San Lorenzo de los Baños,20,19.63937982,-99.82316273
02: San Lorenzo de los Baños,21,19.64156137,-99.84694799
02: San Lorenzo de los Baños,22,19.64305684,-99.84995207
02: San Lorenzo de los Baños,23,19.64655295,-99.84845003
02: San Lorenzo de los Baños,24,19.64728045,-99.84995207
02: San Lorenzo de los Baños,25,19.65293871,-99.84679779
03: San Cristóbal de los Baños,1,19.55178266,-99.75628699
03: San Cristóbal de los Baños,2,19.55308115,-99.75733321
03: San Cristóbal de los Baños,3,19.55762579,-99.75968083
03: San Cristóbal de los Baños,4,19.56035523,-99.76111121
03: San Cristóbal de los Baños,5,19.56158479,-99.76130846
03: San Cristóbal de los Baños,6,19.56158479,-99.76133881
03: San Cristóbal de los Baños,7,19.56160624,-99.76133122
03: San Cristóbal de los Baños,8,19.56664851,-99.76055295
03: San Cristóbal de los Baños,9,19.56943634,-99.760075
03: San Cristóbal de los Baños,10,19.57318528,-99.76024634
03: San Cristóbal de los Baños,11,19.57563927,-99.76105168
03: San Cristóbal de los Baños,12,19.57929182,-99.76273587
03: San Cristóbal de los Baños,13,19.58567209,-99.76567486
03: San Cristóbal de los Baños,14,19.58963991,-99.76746421
03: San Cristóbal de los Baños,15,19.5979397,-99.77125244
03: San Cristóbal de los Baños,16,19.60104144,-99.77267869
03: San Cristóbal de los Baños,17,19.60303539,-99.77330077
03: San Cristóbal de los Baños,18,19.61299772,-99.77572063
03: San Cristóbal de los Baños,19,19.61539447,-99.77585138
03: San Cristóbal de los Baños,20,19.62377969,-99.77815332
03: San Cristóbal de los Baños,21,19.62639503,-99.77891955
03: San Cristóbal de los Baños,22,19.62758835,-99.77952646
03: San Cristóbal de los Baños,23,19.62989638,-99.77997406
03: San Cristóbal de los Baños,24,19.63736328,-99.78183274
03: San Cristóbal de los Baños,25,19.64343056,-99.78344318
03: San Cristóbal de los Baños,26,19.70261943,-99.82427015
03: San Cristóbal de los Baños,27,19.71491909,-99.83207854
03: San Cristóbal de los Baños,28,19.72927706,-99.84140428
03: San Cristóbal de los Baños,29,19.73867446,-99.84452989
03: San Cristóbal de los Baños,30,19.73830315,-99.84468162
03: San Cristóbal de los Baños,31,19.72964839,-99.84213258
03: San Cristóbal de los Baños,32,19.72719184,-99.84440851
03: San Cristóbal de los Baños,33,19.72676337,-99.84653271
03: San Cristóbal de los Baños,34,19.72699189,-99.84811069
03: San Cristóbal de los Baños,35,19.71751145,-99.8572259
03: San Cristóbal de los Baños,36,19.708593,-99.87260111
03: San Cristóbal de los Baños,37,19.70708967,-99.87600235
03: San Cristóbal de los Baños,38,19.70653606,-99.87709289
03: San Cristóbal de los Baños,39,19.70589905,-99.87729137
03: San Cristóbal de los Baños,40,19.70324057,-99.87985357
04: La Concepción de los Baños,1,19.55168215,-99.75629164
04: La Concepción de los Baños,2,19.55299647,-99.75736452
04: La Concepción de los Baños,3,19.55586772,-99.75875927
04: La Concepción de los Baños,4,19.5575864,-99.75959612
04: La Concepción de los Baños,5,19.56169094,-99.76135565
04: La Concepción de los Baños,6,19.56716014,-99.76035786
04: La Concepción de los Baños,7,19.56975029,-99.7600609
04: La Concepción de los Baños,8,19.57320237,-99.7602408
04: La Concepción de los Baños,9,19.5749893,-99.76074282
04: La Concepción de los Baños,10,19.57970007,-99.762895
04: La Concepción de los Baños,11,19.5985122,-99.77152712
04: La Concepción de los Baños,12,19.60126136,-99.77279312
04: La Concepción de los Baños,13,19.62078709,-99.77738507
04: La Concepción de los Baños,14,19.62587716,-99.77869583
04: La Concepción de los Baños,15,19.62701908,-99.77925373
04: La Concepción de los Baños,16,19.64322092,-99.78333608
04: La Concepción de los Baños,17,19.64656546,-99.78544966
04: La Concepción de los Baños,18,19.67947511,-99.80789849
04: La Concepción de los Baños,19,19.67938419,-99.80899283
04: La Concepción de los Baños,20,19.67937495,-99.80901108
04: La Concepción de los Baños,21,19.68092284,-99.82637594
04: La Concepción de los Baños,22,19.67822556,-99.82914398
04: La Concepción de los Baños,23,19.67359866,-99.83174035
04: La Concepción de los Baños,24,19.66977985,-99.83454058
04: La Concepción de los Baños,25,19.66961821,-99.83596751
04: La Concepción de los Baños,26,19.66963841,-99.8359997
04: La Concepción de los Baños,27,19.67119424,-99.83803818
04: La Concepción de los Baños,28,19.67291169,-99.83939001
04: La Concepción de los Baños,29,19.67657889,-99.84229753
04: La Concepción de los Baños,30,19.67738707,-99.84402487
04: La Concepción de los Baños,31,19.67785178,-99.84710405
04: La Concepción de los Baños,32,19.67987222,-99.84823057
04: La Concepción de los Baños,33,19.68210478,-99.84812329
04: La Concepción de los Baños,34,19.68205427,-99.849915
04: La Concepción de los Baños,35,19.68300386,-99.85136339
04: La Concepción de los Baños,36,19.68282202,-99.85478589
04: La Concepción de los Baños,37,19.6812158,-99.85983917
04: La Concepción de los Baños,38,19.68147846,-99.86107299
05: Jalpa de los Baños,1,19.55172691,-99.75618412
05: Jalpa de los Baños,2,19.55295114,-99.75712239
05: Jalpa de los Baños,3,19.55835805,-99.7600996
05: Jalpa de los Baños,4,19.5603524,-99.7610725
05: Jalpa de los Baños,5,19.56168687,-99.76127635
05: Jalpa de los Baños,6,19.566675,-99.76041637
05: Jalpa de los Baños,7,19.56948535,-99.76003014
05: Jalpa de los Baños,8,19.57326611,-99.76022325
05: Jalpa de los Baños,9,19.57578319,-99.76108156
05: Jalpa de los Baños,10,19.57934142,-99.76277672
05: Jalpa de los Baños,11,19.60118878,-99.77271797
05: Jalpa de los Baños,12,19.61291274,-99.77571913
05: Jalpa de los Baños,13,19.61437815,-99.77566548
05: Jalpa de los Baños,14,19.62173222,-99.77763294
05: Jalpa de los Baños,15,19.62617872,-99.77874874
05: Jalpa de los Baños,16,19.62713874,-99.77927445
05: Jalpa de los Baños,17,19.63367685,-99.78091597
05: Jalpa de los Baños,18,19.64334619,-99.78330205
05: Jalpa de los Baños,19,19.70293245,-99.82411169
05: Jalpa de los Baños,20,19.71456923,-99.83186721
05: Jalpa de los Baños,21,19.70269938,-99.82452646
05: Jalpa de los Baños,22,19.70263878,-99.82812062
05: Jalpa de los Baños,23,19.70435052,-99.83106824
05: Jalpa de los Baños,24,19.70433032,-99.83115407
05: Jalpa de los Baños,25,19.7040374,-99.83234497
05: Jalpa de los Baños,26,19.70451213,-99.8351452
05: Jalpa de los Baños,27,19.69791361,-99.84137316
05: Jalpa de los Baños,28,19.69714593,-99.84128733
05: Jalpa de los Baños,29,19.69715603,-99.84123368
05: Jalpa de los Baños,30,19.69520652,-99.84284301
05: Jalpa de los Baños,31,19.69330748,-99.84371204
05: Jalpa de los Baños,32,19.69163066,-99.84417338
05: Jalpa de los Baños,33,19.69037635,-99.84557042
05: Jalpa de los Baños,34,19.68850492,-99.84754289
05: Jalpa de los Baños,35,19.68857818,-99.84754452
05: Jalpa de los Baños,36,19.6934111,-99.85895856
05: Jalpa de los Baños,37,19.68531444,-99.8636538
05: Jalpa de los Baños,38,19.68411312,-99.8627862
05: Jalpa de los Baños,39,19.67829861,-99.86827249
05: Jalpa de los Baños,40,19.67945192,-99.86929319
05: Jalpa de los Baños,41,19.67817847,-99.87056907
05: Jalpa de los Baños,42,19.67822653,-99.87115598
05: Jalpa de los Baños,43,19.67664072,-99.87266152
05: Jalpa de los Baños,44,19.67764987,-99.87444775
06: San Antonio de los Remedios,1,19.55173054,-99.75633112
06: San Antonio de los Remedios,2,19.55282244,-99.75718942
06: San Antonio de los Remedios,3,19.55965675,-99.76070848
06: San Antonio de los Remedios,4,19.56167868,-99.7613093
06: San Antonio de los Remedios,5,19.56956396,-99.75997892
06: San Antonio de los Remedios,6,19.57085232,-99.76000115
06: San Antonio de los Remedios,7,19.57081188,-99.75995823
06: San Antonio de los Remedios,8,19.57305607,-99.76012989
06: San Antonio de los Remedios,9,19.57461282,-99.76068779
06: San Antonio de los Remedios,10,19.57671544,-99.76156756
06: San Antonio de los Remedios,11,19.58312419,-99.76450726
06: San Antonio de los Remedios,12,19.60134233,-99.77273956
06: San Antonio de los Remedios,13,19.61312677,-99.77576509
06: San Antonio de los Remedios,14,19.61462251,-99.77582946
06: San Antonio de los Remedios,15,19.6248093,-99.77823272
06: San Antonio de los Remedios,16,19.62703252,-99.77928415
06: San Antonio de los Remedios,17,19.64314151,-99.78321864
06: San Antonio de los Remedios,18,19.66616679,-99.79904746
06: San Antonio de los Remedios,19,19.67026856,-99.80162238
06: San Antonio de los Remedios,20,19.66970281,-99.80183696
06: San Antonio de los Remedios,21,19.66576267,-99.79934787
06: San Antonio de los Remedios,22,19.66010487,-99.80192279
06: San Antonio de los Remedios,23,19.65858935,-99.80290984
06: San Antonio de los Remedios,24,19.63941177,-99.82303714
06: San Antonio de los Remedios,25,19.64138083,-99.83536606
06: San Antonio de los Remedios,26,19.64160699,-99.84678409
06: San Antonio de los Remedios,27,19.64302163,-99.85006712
06: San Antonio de los Remedios,28,19.64314288,-99.85326431
06: San Antonio de los Remedios,29,19.64114218,-99.85500238
06: San Antonio de los Remedios,30,19.63928293,-99.85549591
06: San Antonio de los Remedios,31,19.63869685,-99.85622547
06: San Antonio de los Remedios,32,19.63936376,-99.85725544
06: San Antonio de los Remedios,33,19.64069758,-99.85845707
06: San Antonio de los Remedios,34,19.64168783,-99.85993765
06: San Antonio de los Remedios,35,19.64213243,-99.86171863
06: San Antonio de los Remedios,36,19.64277912,-99.86388586
07: San Francisco del Río,1,19.55181163,-99.75614767
07: San Francisco del Río,2,19.55413696,-99.75799303
07: San Francisco del Río,3,19.55712951,-99.75932341
07: San Francisco del Río,4,19.56058705,-99.76110439
07: San Francisco del Río,5,19.56210349,-99.76144772
07: San Francisco del Río,6,19.56931334,-99.76009219
07: San Francisco del Río,7,19.57268974,-99.76019948
07: San Francisco del Río,8,19.57831019,-99.76230233
07: San Francisco del Río,9,19.5904433,-99.7678306
07: San Francisco del Río,10,19.60119761,-99.77283024
07: San Francisco del Río,11,19.61303126,-99.77575647
07: San Francisco del Río,12,19.61616421,-99.77594959
07: San Francisco del Río,13,19.62184377,-99.7776662
07: San Francisco del Río,14,19.62621763,-99.77879972
07: San Francisco del Río,15,19.62724839,-99.77948636
07: San Francisco del Río,16,19.63333177,-99.78092403
07: San Francisco del Río,17,19.64295152,-99.78326291
07: San Francisco del Río,18,19.6525909,-99.78978605
07: San Francisco del Río,19,19.67641758,-99.80591887
07: San Francisco del Río,20,19.72595195,-99.83958595
07: San Francisco del Río,21,19.7298906,-99.84166735
07: San Francisco del Río,22,19.73776762,-99.84409206
07: San Francisco del Río,23,19.7298906,-99.8420965
07: San Francisco del Río,24,19.72716385,-99.84484308
07: San Francisco del Río,25,19.72665889,-99.84651678
07: San Francisco del Río,26,19.72692147,-99.84829777
07: San Francisco del Río,27,19.71746836,-99.8572027
07: San Francisco del Río,28,19.70761067,-99.87417572
07: San Francisco del Río,29,19.70670163,-99.87690085
07: San Francisco del Río,30,19.70583299,-99.87745875
07: San Francisco del Río,31,19.70316643,-99.87981909
07: San Francisco del Río,32,19.70494414,-99.88175028
07: San Francisco del Río,33,19.7061158,-99.88374584
07: San Francisco del Río,34,19.70510575,-99.88385313
07: San Francisco del Río,35,19.70419669,-99.88290899
07: San Francisco del Río,36,19.70108567,-99.88578432
07: San Francisco del Río,37,19.70302502,-99.88868111
07: San Francisco del Río,38,19.70128769,-99.89586943
07: San Francisco del Río,39,19.70074225,-99.8971998
07: San Francisco del Río,40,19.69589377,-99.89949577
07: San Francisco del Río,41,19.69491587,-99.90117764
07: San Francisco del Río,42,19.69174456,-99.89638032
07: San Francisco del Río,43,19.69248935,-99.89469616
08: Santo Domingo,1,19.55174441,-99.75634775
08: Santo Domingo,2,19.55331718,-99.75762227
08: Santo Domingo,3,19.55920779,-99.76068719
08: Santo Domingo,4,19.56046137,-99.76110957
08: Santo Domingo,5,19.56052938,-99.76114566
08: Santo Domingo,6,19.56177054,-99.76154262
08: Santo Domingo,7,19.56918329,-99.75996157
08: Santo Domingo,8,19.57224352,-99.75997961
08: Santo Domingo,9,19.57469166,-99.76061114
08: Santo Domingo,10,19.57844733,-99.76240411
08: Santo Domingo,11,19.59860427,-99.77153391
08: Santo Domingo,12,19.59851928,-99.77283305
08: Santo Domingo,13,19.5886089,-99.7704243
08: Santo Domingo,14,19.5886259,-99.7704243
08: Santo Domingo,15,19.58738494,-99.7719941
08: Santo Domingo,16,19.58814991,-99.77280607
09: San Ildefonso,1,19.5517193,-99.75629713
09: San Ildefonso,2,19.55402441,-99.757885
09: San Ildefonso,3,19.55408507,-99.75842144
09: San Ildefonso,4,19.55400419,-99.75878622
09: San Ildefonso,5,19.55287186,-99.75964452
09: San Ildefonso,6,19.55218437,-99.76037409
09: San Ildefonso,7,19.55257866,-99.76109292
09: San Ildefonso,8,19.55253822,-99.76157572
09: San Ildefonso,9,19.55156764,-99.76228382
09: San Ildefonso,10,19.55154742,-99.76225163
09: San Ildefonso,11,19.55120368,-99.76301338
09: San Ildefonso,12,19.55087004,-99.76299192
09: San Ildefonso,13,19.55020276,-99.76393606
09: San Ildefonso,14,19.54845367,-99.76316358
09: San Ildefonso,15,19.54739207,-99.76377513
09: San Ildefonso,16,19.54807958,-99.76491238
09: San Ildefonso,17,19.55021343,-99.76754928
09: San Ildefonso,18,19.5508497,-99.76786791
09: San Ildefonso,19,19.55131439,-99.76883897
09: San Ildefonso,20,19.55152886,-99.77009832
09: San Ildefonso,21,19.55364728,-99.7702651
09: San Ildefonso,22,19.55490548,-99.77028786
09: San Ildefonso,23,19.55632095,-99.77081132
09: San Ildefonso,24,19.55890164,-99.77190377
09: San Ildefonso,25,19.56005972,-99.77202515
09: San Ildefonso,26,19.56240403,-99.77291546
09: San Ildefonso,27,19.56279719,-99.77292305
09: San Ildefonso,28,19.5639481,-99.77387894
09: San Ildefonso,29,19.56654297,-99.77456931
09: San Ildefonso,30,19.56399099,-99.78107088
09: San Ildefonso,31,19.56219654,-99.78481236
09: San Ildefonso,32,19.56123148,-99.7859655
10: San Juan de las Manzanas,1,19.5517193,-99.75629713
10: San Juan de las Manzanas,2,19.55402441,-99.757885
10: San Juan de las Manzanas,3,19.55408507,-99.75842144
10: San Juan de las Manzanas,4,19.55400419,-99.75878622
10: San Juan de las Manzanas,5,19.55287186,-99.75964452
10: San Juan de las Manzanas,6,19.55218437,-99.76037409
10: San Juan de las Manzanas,7,19.55257866,-99.76109292
10: San Juan de las Manzanas,8,19.55253822,-99.76157572
10: San Juan de las Manzanas,9,19.55156764,-99.76228382
10: San Juan de las Manzanas,10,19.55154742,-99.76225163
10: San Juan de las Manzanas,11,19.55120368,-99.76301338
10: San Juan de las Manzanas,12,19.55087004,-99.76299192
10: San Juan de las Manzanas,13,19.55020276,-99.76393606
10: San Juan de las Manzanas,14,19.54845367,-99.76316358
10: San Juan de las Manzanas,15,19.54739207,-99.76377513
10: San Juan de las Manzanas,16,19.54807958,-99.76491238
10: San Juan de las Manzanas,17,19.55021343,-99.76754928
10: San Juan de las Manzanas,18,19.5508497,-99.76786791
10: San Juan de las Manzanas,19,19.55131439,-99.76883897
10: San Juan de las Manzanas,20,19.55152886,-99.77009832
10: San Juan de las Manzanas,21,19.55364728,-99.7702651
10: San Juan de las Manzanas,22,19.55490548,-99.77028786
10: San Juan de las Manzanas,23,19.55632095,-99.77081132
10: San Juan de las Manzanas,24,19.55890164,-99.77190377
10: San Juan de las Manzanas,25,19.56005972,-99.77202515
10: San Juan de las Manzanas,26,19.56240403,-99.77291546
10: San Juan de las Manzanas,27,19.56279719,-99.77292305
10: San Juan de las Manzanas,28,19.5639481,-99.77387894
10: San Juan de las Manzanas,29,19.56654297,-99.77456931
10: San Juan de las Manzanas,30,19.56399099,-99.78107088
10: San Juan de las Manzanas,31,19.56219654,-99.78481236
10: San Juan de las Manzanas,32,19.56123148,-99.7859655
10: San Juan de las Manzanas,33,19.56136932,-99.7859103
10: San Juan de las Manzanas,34,19.56506939,-99.79475087
10: San Juan de las Manzanas,35,19.5551619,-99.80363434
10: San Juan de las Manzanas,36,19.55450503,-99.82300067
10: San Juan de las Manzanas,37,19.55521273,-99.82407356
10: San Juan de las Manzanas,38,19.55517229,-99.82407356
10: San Juan de las Manzanas,39,19.55254367,-99.82626224
10: San Juan de las Manzanas,40,19.55230103,-99.82589746
10: San Juan de las Manzanas,41,19.54948279,-99.82815454
10: San Juan de las Manzanas,42,19.54970143,-99.82851664
10: San Juan de las Manzanas,43,19.55084308,-99.83134972
10: San Juan de las Manzanas,44,19.55079199,-99.83145817
10: San Juan de las Manzanas,45,19.55208203,-99.8332649
10: San Juan de las Manzanas,46,19.55052198,-99.83445578
10: San Juan de las Manzanas,47,19.54813821,-99.83612082
11: Dolores Amarillas / San José del Sitio,1,19.55182562,-99.7563147
11: Dolores Amarillas / San José del Sitio,2,19.54685133,-99.75262398
11: Dolores Amarillas / San José del Sitio,3,19.54729619,-99.75202316
11: Dolores Amarillas / San José del Sitio,4,19.54753424,-99.7513375
11: Dolores Amarillas / San José del Sitio,5,19.54767027,-99.75011053
11: Dolores Amarillas / San José del Sitio,6,19.54943865,-99.74709724
11: Dolores Amarillas / San José del Sitio,7,19.54991475,-99.74670028
11: Dolores Amarillas / San José del Sitio,8,19.55435638,-99.74497982
11: Dolores Amarillas / San José del Sitio,9,19.55508431,-99.74445411
11: Dolores Amarillas / San José del Sitio,10,19.56167589,-99.74297353
11: Dolores Amarillas / San José del Sitio,11,19.56505246,-99.7420723
11: Dolores Amarillas / San José del Sitio,12,19.56843906,-99.74220105
11: Dolores Amarillas / San José del Sitio,13,19.57939638,-99.69873138
11: Dolores Amarillas / San José del Sitio,14,19.58466275,-99.6735732
11: Dolores Amarillas / San José del Sitio,15,19.58454146,-99.67348737
11: Dolores Amarillas / San José del Sitio,16,19.59202131,-99.67095536
11: Dolores Amarillas / San José del Sitio,17,19.59199099,-99.67099828
11: Dolores Amarillas / San José del Sitio,18,19.59863694,-99.66776136
11: Dolores Amarillas / San José del Sitio,19,19.59999515,-99.66801016
11: Dolores Amarillas / San José del Sitio,20,19.60114301,-99.66798464
11: Dolores Amarillas / San José del Sitio,21,19.6016959,-99.66816965
11: Dolores Amarillas / San José del Sitio,22,19.60286779,-99.6691138
11: Dolores Amarillas / San José del Sitio,23,19.60375121,-99.66940725
11: Dolores Amarillas / San José del Sitio,24,19.60429808,-99.66977725
12: Ejido Loma de Malacota,1,19.55173995,-99.75644848
12: Ejido Loma de Malacota,2,19.54686676,-99.75250027
12: Ejido Loma de Malacota,3,19.54753405,-99.75174925
12: Ejido Loma de Malacota,4,19.54761493,-99.75003264
12: Ejido Loma de Malacota,5,19.54943481,-99.7472646
12: Ejido Loma de Malacota,6,19.5499201,-99.7467067
12: Ejido Loma de Malacota,7,19.55321604,-99.74533341
12: Ejido Loma de Malacota,8,19.55322262,-99.74532995
12: Ejido Loma de Malacota,9,19.55500201,-99.74453891
12: Ejido Loma de Malacota,10,19.55783939,-99.74387545
12: Ejido Loma de Malacota,11,19.56187896,-99.74291854
12: Ejido Loma de Malacota,12,19.56532934,-99.74208922
12: Ejido Loma de Malacota,13,19.5653053,-99.74208922
12: Ejido Loma de Malacota,14,19.56850315,-99.74225508
12: Ejido Loma de Malacota,15,19.57595655,-99.7437989
12: Ejido Loma de Malacota,16,19.58713105,-99.74629286
12: Ejido Loma de Malacota,17,19.59112181,-99.74597389
12: Ejido Loma de Malacota,18,19.5950163,-99.74559112
12: Ejido Loma de Malacota,19,19.59713179,-99.74596113
12: Ejido Loma de Malacota,20,19.60258866,-99.74376661
12: Ejido Loma de Malacota,21,19.60701172,-99.7417252
12: Ejido Loma de Malacota,22,19.61423755,-99.73685147
12: Ejido Loma de Malacota,23,19.61516297,-99.73650698
12: Ejido Loma de Malacota,24,19.62180901,-99.73389143
12: Ejido Loma de Malacota,25,19.62658458,-99.72747686
12: Ejido Loma de Malacota,26,19.63006963,-99.72706858
12: Ejido Loma de Malacota,27,19.63315804,-99.72777031
12: Ejido Loma de Malacota,28,19.63726782,-99.72691547
12: Ejido Loma de Malacota,29,19.63987543,-99.72750238
12: Ejido Loma de Malacota,30,19.64331213,-99.72717065
12: Ejido Loma de Malacota,31,19.65531595,-99.72875274
12: Ejido Loma de Malacota,32,19.66642278,-99.71331611
12: Ejido Loma de Malacota,33,19.66928445,-99.70599967
12: Ejido Loma de Malacota,34,19.66744625,-99.70745417
12: Ejido Loma de Malacota,35,19.6670738,-99.7074159
12: Ejido Loma de Malacota,36,19.66667732,-99.70694382
12: Ejido Loma de Malacota,37,19.666413,-99.70556587
12: Ejido Loma de Malacota,38,19.666415,-99.70161662
12: Ejido Loma de Malacota,39,19.66808086,-99.68830402
12: Ejido Loma de Malacota,40,19.66785258,-99.68750021
12: Ejido Loma de Malacota,41,19.66493364,-99.67787429
12: Ejido Loma de Malacota,42,19.66375942,-99.67304087
12: Ejido Loma de Malacota,43,19.66231764,-99.67074428
12: Ejido Loma de Malacota,44,19.65811238,-99.67097394
13: San Miguel Yuxtepec,1,19.55153571,-99.756525
13: San Miguel Yuxtepec,2,19.54585367,-99.75219055
13: San Miguel Yuxtepec,3,19.54582334,-99.75241049
13: San Miguel Yuxtepec,4,19.54584861,-99.75266798
13: San Miguel Yuxtepec,5,19.54599522,-99.75279673
13: San Miguel Yuxtepec,6,19.54642997,-99.75294157
13: San Miguel Yuxtepec,7,19.54689505,-99.75247486
13: San Miguel Yuxtepec,8,19.54721859,-99.75212081
13: San Miguel Yuxtepec,9,19.5473753,-99.75184723
13: San Miguel Yuxtepec,10,19.54749663,-99.75150927
13: San Miguel Yuxtepec,11,19.54752696,-99.75124105
13: San Miguel Yuxtepec,12,19.54754212,-99.75053294
13: San Miguel Yuxtepec,13,19.54765334,-99.75003942
13: San Miguel Yuxtepec,14,19.54774939,-99.74979802
13: San Miguel Yuxtepec,15,19.54937211,-99.74716409
13: San Miguel Yuxtepec,16,19.54953893,-99.74698706
13: San Miguel Yuxtepec,17,19.54980685,-99.74675103
13: San Miguel Yuxtepec,18,19.54923056,-99.74615558
13: San Miguel Yuxtepec,19,19.54665746,-99.74266871
13: San Miguel Yuxtepec,20,19.54478194,-99.73930522
13: San Miguel Yuxtepec,21,19.54401353,-99.73766371
13: San Miguel Yuxtepec,22,19.54368493,-99.73728283
13: San Miguel Yuxtepec,23,19.54344733,-99.7369717
13: San Miguel Yuxtepec,24,19.54307829,-99.73678394
13: San Miguel Yuxtepec,25,19.54267386,-99.7367303
13: San Miguel Yuxtepec,26,19.54212788,-99.7369556
13: San Miguel Yuxtepec,27,19.54167289,-99.73720237
13: San Miguel Yuxtepec,28,19.54158189,-99.73705216
13: San Miguel Yuxtepec,29,19.5412179,-99.73383351
13: San Miguel Yuxtepec,30,19.54105377,-99.73159461
13: San Miguel Yuxtepec,31,19.54046734,-99.72699194
13: San Miguel Yuxtepec,32,19.54055834,-99.72657351
13: San Miguel Yuxtepec,33,19.54081111,-99.72581177
13: San Miguel Yuxtepec,34,19.54082628,-99.72554354
13: San Miguel Yuxtepec,35,19.54070495,-99.72535579
13: San Miguel Yuxtepec,36,19.5405179,-99.72529142
13: San Miguel Yuxtepec,37,19.54021962,-99.72515194
13: San Miguel Yuxtepec,38,19.54004774,-99.72500174
13: San Miguel Yuxtepec,39,19.53992135,-99.72476034
13: San Miguel Yuxtepec,40,19.53967363,-99.72390203
13: San Miguel Yuxtepec,41,19.5394613,-99.72320466
13: San Miguel Yuxtepec,42,19.53940064,-99.72297399
13: San Miguel Yuxtepec,43,19.53937536,-99.72272186
13: San Miguel Yuxtepec,44,19.53956747,-99.72145586
13: San Miguel Yuxtepec,45,19.53955736,-99.72043662
13: San Miguel Yuxtepec,46,19.5396433,-99.71981435
13: San Miguel Yuxtepec,47,19.54038645,-99.71852152
13: San Miguel Yuxtepec,48,19.54072517,-99.71781878
13: San Miguel Yuxtepec,49,19.54072517,-99.71780805
13: San Miguel Yuxtepec,50,19.54090211,-99.71615045
13: San Miguel Yuxtepec,51,19.54113972,-99.71413343
13: San Miguel Yuxtepec,52,19.54105883,-99.71381693
14: Jiquipilco,1,19.55158146,-99.7565274
14: Jiquipilco,2,19.54594795,-99.752279
14: Jiquipilco,3,19.54589075,-99.75270384
14: Jiquipilco,4,19.5463483,-99.75303765
14: Jiquipilco,5,19.54706323,-99.75237004
14: Jiquipilco,6,19.54746358,-99.75182382
14: Jiquipilco,7,19.54763516,-99.75118656
14: Jiquipilco,8,19.54749218,-99.75021549
14: Jiquipilco,9,19.54797832,-99.74954789
14: Jiquipilco,10,19.54932236,-99.74718092
14: Jiquipilco,11,19.55006586,-99.74675608
14: Jiquipilco,12,19.55395491,-99.74502637
14: Jiquipilco,13,19.55501295,-99.7445105
14: Jiquipilco,14,19.55781527,-99.74384289
14: Jiquipilco,15,19.56196148,-99.74284148
14: Jiquipilco,16,19.56516399,-99.74208284
14: Jiquipilco,17,19.5685666,-99.74220422
14: Jiquipilco,18,19.57968889,-99.69799049
14: Jiquipilco,19,19.5845207,-99.6744422
14: Jiquipilco,20,19.58454929,-99.67347114
14: Jiquipilco,21,19.58429198,-99.67240904
14: Jiquipilco,22,19.58111844,-99.66403362
14: Jiquipilco,23,19.57302704,-99.64312541
14: Jiquipilco,24,19.56956735,-99.63317201
14: Jiquipilco,25,19.56850941,-99.63168507
14: Jiquipilco,26,19.56659367,-99.62528212
14: Jiquipilco,27,19.56453493,-99.62091233
14: Jiquipilco,28,19.56293368,-99.61842398
14: Jiquipilco,29,19.56310524,-99.61541976
14: Jiquipilco,30,19.56382009,-99.61408454
14: Jiquipilco,31,19.56339118,-99.61253691
14: Jiquipilco,32,19.56344837,-99.61156585
14: Jiquipilco,33,19.56316243,-99.60983614
14: Jiquipilco,34,19.56279071,-99.60743883
14: Jiquipilco,35,19.56267633,-99.60743883
14: Jiquipilco,36,19.56078911,-99.60737814
14: Jiquipilco,37,19.55988839,-99.607454
14: Jiquipilco,38,19.55990269,-99.60742366
14: Jiquipilco,39,19.55810122,-99.60824299
14: Jiquipilco,40,19.55742924,-99.60824299
14: Jiquipilco,41,19.55742924,-99.60827334
14: Jiquipilco,42,19.55721478,-99.60803057
14: Jiquipilco,43,19.5565142,-99.60809126
14: Jiquipilco,44,19.5565142,-99.60804574
14: Jiquipilco,45,19.5552703,-99.60790919
15: Jocotitlán,1,19.551797,-99.75626628
15: Jocotitlán,2,19.55302123,-99.7573489
15: Jocotitlán,3,19.55832613,-99.76005545
15: Jocotitlán,4,19.55968633,-99.76070503
15: Jocotitlán,5,19.56050244,-99.76110199
15: Jocotitlán,6,19.56104652,-99.76124634
15: Jocotitlán,7,19.5616926,-99.76128242
15: Jocotitlán,8,19.56223667,-99.76128242
15: Jocotitlán,9,19.56934342,-99.76005545
15: Jocotitlán,10,19.57260766,-99.76016372
15: Jocotitlán,11,19.57464778,-99.76070503
15: Jocotitlán,12,19.60177886,-99.77297473
15: Jocotitlán,13,19.6127252,-99.77564519
15: Jocotitlán,14,19.61493477,-99.77564519
15: Jocotitlán,15,19.61959177,-99.77679999
15: Jocotitlán,16,19.62027779,-99.77676964
15: Jocotitlán,17,19.62093521,-99.77646618
15: Jocotitlán,18,19.64474367,-99.74341968
15: Jocotitlán,19,19.65540346,-99.72879304
15: Jocotitlán,20,19.65626078,-99.72882339
15: Jocotitlán,21,19.67252051,-99.74381418
15: Jocotitlán,22,19.67572082,-99.75049024
15: Jocotitlán,23,19.67832103,-99.75677181
15: Jocotitlán,24,19.68126407,-99.76162712
15: Jocotitlán,25,19.68126407,-99.76162712
16: San Isidro Boxipe,1,19.60263015,-99.8905073
16: San Isidro Boxipe,2,19.59982861,-99.88756376
16: San Isidro Boxipe,3,19.59708419,-99.88462023
16: San Isidro Boxipe,4,19.58261804,-99.86975082
16: San Isidro Boxipe,5,19.57844377,-99.86559345
16: San Isidro Boxipe,6,19.57604209,-99.86322649
16: San Isidro Boxipe,7,19.57375474,-99.85864428
16: San Isidro Boxipe,8,19.56929431,-99.85384966
16: San Isidro Boxipe,9,19.56577735,-99.84984402
16: San Isidro Boxipe,10,19.56503392,-99.84884261
16: San Isidro Boxipe,11,19.55731345,-99.82675092
16: San Isidro Boxipe,12,19.55531179,-99.82429291
16: San Isidro Boxipe,13,19.5546255,-99.82304874
16: San Isidro Boxipe,14,19.55512697,-99.80449522
16: San Isidro Boxipe,15,19.5555845,-99.80309932
16: San Isidro Boxipe,16,19.55499825,-99.80448414
16: San Isidro Boxipe,17,19.56508229,-99.79484108
16: San Isidro Boxipe,18,19.56129812,-99.78600939
16: San Isidro Boxipe,19,19.56235609,-99.78473351
16: San Isidro Boxipe,20,19.56355832,-99.78243692
16: San Isidro Boxipe,21,19.56587842,-99.77646457
16: San Isidro Boxipe,22,19.56649898,-99.77456998
16: San Isidro Boxipe,23,19.56595492,-99.77445269
16: San Isidro Boxipe,24,19.56542787,-99.77415497
16: San Isidro Boxipe,25,19.56496882,-99.77413693
16: San Isidro Boxipe,26,19.5639657,-99.77388432
16: San Isidro Boxipe,27,19.56361716,-99.77349638
16: San Isidro Boxipe,28,19.56325162,-99.77328888
16: San Isidro Boxipe,29,19.56268205,-99.7728017
16: San Isidro Boxipe,30,19.56239301,-99.77295507
16: San Isidro Boxipe,31,19.56135588,-99.77241376
16: San Isidro Boxipe,32,19.56143506,-99.77247433
16: San Isidro Boxipe,33,19.56031289,-99.77208809
16: San Isidro Boxipe,34,19.55996916,-99.77203445
16: San Isidro Boxipe,35,19.5600096,-99.77203445
16: San Isidro Boxipe,36,19.55966587,-99.77214174
16: San Isidro Boxipe,37,19.55854368,-99.77169113
16: San Isidro Boxipe,38,19.5566127,-99.77092938
16: San Isidro Boxipe,39,19.55551072,-99.77033929
16: San Isidro Boxipe,40,19.55420653,-99.77044658
16: San Isidro Boxipe,41,19.55370103,-99.77025346
16: San Isidro Boxipe,42,19.55152734,-99.77011399
16: San Isidro Boxipe,43,19.55149701,-99.76953463
16: San Isidro Boxipe,44,19.55135547,-99.76893382
16: San Isidro Boxipe,45,19.55084996,-99.76794676
16: San Isidro Boxipe,46,19.54975804,-99.76719574
16: San Isidro Boxipe,47,19.54901999,-99.76641254
16: San Isidro Boxipe,48,19.54849425,-99.76567225
16: San Isidro Boxipe,49,19.54910087,-99.76535038
16: San Isidro Boxipe,50,19.55375158,-99.76629452
16: San Isidro Boxipe,51,19.55680479,-99.76708846
16: San Isidro Boxipe,52,19.55788655,-99.765801
16: San Isidro Boxipe,53,19.55871555,-99.76510362
16: San Isidro Boxipe,54,19.55976696,-99.76399855
16: San Isidro Boxipe,55,19.55974674,-99.76399855
16: San Isidro Boxipe,56,19.5601208,-99.76259307
16: San Isidro Boxipe,57,19.56049486,-99.76185278
16: San Isidro Boxipe,58,19.55972652,-99.76130561
16: San Isidro Boxipe,59,19.55933224,-99.76094083
16: San Isidro Boxipe,60,19.55848303,-99.76055459
16: San Isidro Boxipe,61,19.55608699,-99.75933151
16: San Isidro Boxipe,62,19.55300343,-99.75769
16: San Isidro Boxipe,63,19.55173966,-99.75675659
17: Santiago Yeche Lindero,1,19.70772568,-99.71277859
17: Santiago Yeche Lindero,2,19.70758154,-99.71094132
17: Santiago Yeche Lindero,3,19.70652452,-99.7067054
17: Santiago Yeche Lindero,4,19.70561164,-99.70435778
17: Santiago Yeche Lindero,5,19.70450657,-99.70364329
17: Santiago Yeche Lindero,6,19.70306516,-99.7030819
17: Santiago Yeche Lindero,7,19.70210421,-99.70287776
17: Santiago Yeche Lindero,8,19.70099912,-99.70226534
17: Santiago Yeche Lindero,9,19.69984596,-99.70226534
17: Santiago Yeche Lindero,10,19.69835646,-99.70124463
17: Santiago Yeche Lindero,11,19.69763573,-99.69966254
17: Santiago Yeche Lindero,12,19.69758768,-99.69833562
17: Santiago Yeche Lindero,13,19.69688714,-99.69528227
17: Santiago Yeche Lindero,14,19.69621445,-99.69464432
17: Santiago Yeche Lindero,15,19.69597421,-99.69535882
17: Santiago Yeche Lindero,16,19.69092894,-99.70051338
17: Santiago Yeche Lindero,17,19.69088089,-99.70051338
17: Santiago Yeche Lindero,18,19.69020818,-99.70099821
17: Santiago Yeche Lindero,19,19.68609975,-99.70120235
17: Santiago Yeche Lindero,20,19.68448999,-99.69992647
17: Santiago Yeche Lindero,21,19.68338477,-99.69997751
17: Santiago Yeche Lindero,22,19.68187109,-99.70061545
17: Santiago Yeche Lindero,23,19.67550386,-99.7019934
17: Santiago Yeche Lindero,24,19.67060212,-99.70423895
17: Santiago Yeche Lindero,25,19.67055407,-99.70421343
17: Santiago Yeche Lindero,26,19.66978515,-99.70505551
17: Santiago Yeche Lindero,27,19.66639708,-99.71339977
17: Santiago Yeche Lindero,28,19.62086296,-99.77663742
17: Santiago Yeche Lindero,29,19.61980538,-99.7768926
17: Santiago Yeche Lindero,30,19.61982941,-99.77686708
17: Santiago Yeche Lindero,31,19.61694506,-99.7761781
17: Santiago Yeche Lindero,32,19.61687295,-99.77622914
17: Santiago Yeche Lindero,33,19.61495001,-99.77579534
17: Santiago Yeche Lindero,34,19.61300302,-99.77564223
17: Santiago Yeche Lindero,35,19.61302705,-99.77571879
17: Santiago Yeche Lindero,36,19.60235422,-99.77309047
17: Santiago Yeche Lindero,37,19.6006715,-99.7725546
17: Santiago Yeche Lindero,38,19.57991762,-99.76299852
17: Santiago Yeche Lindero,39,19.57986953,-99.76292197
17: Santiago Yeche Lindero,40,19.57513318,-99.76093159
17: Santiago Yeche Lindero,41,19.57518126,-99.76093159
17: Santiago Yeche Lindero,42,19.57323379,-99.76024262
17: Santiago Yeche Lindero,43,19.57010816,-99.75998744
17: Santiago Yeche Lindero,44,19.56753548,-99.76026813
17: Santiago Yeche Lindero,45,19.56210147,-99.76141643
17: Santiago Yeche Lindero,46,19.56041833,-99.76116125
17: Santiago Yeche Lindero,47,19.5575329,-99.75957916
17: Santiago Yeche Lindero,48,19.55411842,-99.75797155
17: Santiago Yeche Lindero,49,19.55132907,-99.75593014
18: San Antonio Toxico / San Jerónimo,1,19.55466033,-99.82326987
18: San Antonio Toxico / San Jerónimo,2,19.55518543,-99.80435298
18: San Antonio Toxico / San Jerónimo,3,19.55647765,-99.80225992
18: San Antonio Toxico / San Jerónimo,4,19.57293549,-99.78796932
18: San Antonio Toxico / San Jerónimo,5,19.57524762,-99.78067967
18: San Antonio Toxico / San Jerónimo,6,19.57388755,-99.77800921
18: San Antonio Toxico / San Jerónimo,7,19.57347953,-99.774617
18: San Antonio Toxico / San Jerónimo,8,19.57470359,-99.77259611
18: San Antonio Toxico / San Jerónimo,9,19.57449958,-99.76703865
18: San Antonio Toxico / San Jerónimo,10,19.57266348,-99.76653343
18: San Antonio Toxico / San Jerónimo,11,19.57259547,-99.76638908
18: San Antonio Toxico / San Jerónimo,12,19.56688301,-99.76840997
18: San Antonio Toxico / San Jerónimo,13,19.56586291,-99.76768823
18: San Antonio Toxico / San Jerónimo,14,19.56225849,-99.76732735
18: San Antonio Toxico / San Jerónimo,15,19.55749781,-99.76725518
18: San Antonio Toxico / San Jerónimo,16,19.55321308,-99.76595603
18: San Antonio Toxico / San Jerónimo,17,19.55314507,-99.76588386
18: San Antonio Toxico / San Jerónimo,18,19.54906427,-99.76552298
18: San Antonio Toxico / San Jerónimo,19,19.5447113,-99.7680491
18: San Antonio Toxico / San Jerónimo,20,19.5395536,-99.76848418
18: San Antonio Toxico / San Jerónimo,21,19.53860985,-99.76839314
18: San Antonio Toxico / San Jerónimo,22,19.53806648,-99.76714897
18: San Antonio Toxico / San Jerónimo,23,19.53789503,-99.76685284
18: San Antonio Toxico / San Jerónimo,24,19.53668769,-99.76818807
18: San Antonio Toxico / San Jerónimo,25,19.53595648,-99.76835047
18: San Antonio Toxico / San Jerónimo,26,19.53599049,-99.76775502
18: San Antonio Toxico / San Jerónimo,27,19.53531029,-99.76757459
18: San Antonio Toxico / San Jerónimo,28,19.53422196,-99.76714154
18: San Antonio Toxico / San Jerónimo,29,19.53267449,-99.76692501
18: San Antonio Toxico / San Jerónimo,30,19.53092294,-99.76867525
18: San Antonio Toxico / San Jerónimo,31,19.53102497,-99.76921656
18: San Antonio Toxico / San Jerónimo,32,19.53003865,-99.77047962
18: San Antonio Toxico / San Jerónimo,33,19.52981758,-99.77107506
18: San Antonio Toxico / San Jerónimo,34,19.53338871,-99.77011875
18: San Antonio Toxico / San Jerónimo,35,19.53343973,-99.77127354
18: San Antonio Toxico / San Jerónimo,36,19.53364379,-99.77208551
18: San Antonio Toxico / San Jerónimo,37,19.53330368,-99.77185094
18: San Antonio Toxico / San Jerónimo,38,19.53241941,-99.77206746
18: San Antonio Toxico / San Jerónimo,39,19.53221535,-99.77264486
18: San Antonio Toxico / San Jerónimo,40,19.5317392,-99.77260877
18: San Antonio Toxico / San Jerónimo,41,19.53131406,-99.77221181
18: San Antonio Toxico / San Jerónimo,42,19.53031074,-99.77291552
18: San Antonio Toxico / San Jerónimo,43,19.52949447,-99.77275312
18: San Antonio Toxico / San Jerónimo,44,19.52910334,-99.7729516
18: San Antonio Toxico / San Jerónimo,45,19.52897468,-99.77318989
18: San Antonio Toxico / San Jerónimo,46,19.52897468,-99.77428234
18: San Antonio Toxico / San Jerónimo,47,19.52848848,-99.77488925
18: San Antonio Toxico / San Jerónimo,48,19.52728727,-99.77455545
18: San Antonio Toxico / San Jerónimo,49,19.52642925,-99.7737968
18: San Antonio Toxico / San Jerónimo,50,19.52139549,-99.77352369
18: San Antonio Toxico / San Jerónimo,51,19.52005122,-99.77488925
18: San Antonio Toxico / San Jerónimo,52,19.51905017,-99.77549616
18: San Antonio Toxico / San Jerónimo,53,19.51839232,-99.77494994
18: San Antonio Toxico / San Jerónimo,54,19.51793469,-99.77382715
18: San Antonio Toxico / San Jerónimo,55,19.5170952,-99.77326239
18: San Antonio Toxico / San Jerónimo,56,19.51654202,-99.77350481
18: San Antonio Toxico / San Jerónimo,57,19.51586858,-99.77419378
18: San Antonio Toxico / San Jerónimo,58,19.51444953,-99.77434689
18: San Antonio Toxico / San Jerónimo,59,19.51339124,-99.77434689
18: San Antonio Toxico / San Jerónimo,60,19.51278994,-99.77424482
18: San Antonio Toxico / San Jerónimo,61,19.51132276,-99.77402792
18: San Antonio Toxico / San Jerónimo,62,19.50986759,-99.77388757
18: San Antonio Toxico / San Jerónimo,63,19.50848457,-99.77252238
18: San Antonio Toxico / San Jerónimo,64,19.50799656,-99.77240523
18: San Antonio Toxico / San Jerónimo,65,19.50625713,-99.77240523
18: San Antonio Toxico / San Jerónimo,66,19.50457835,-99.7726198
18: San Antonio Toxico / San Jerónimo,67,19.50447722,-99.77045258
18: San Antonio Toxico / San Jerónimo,68,19.50443677,-99.77053841
18: San Antonio Toxico / San Jerónimo,69,19.50494243,-99.77010926
18: San Antonio Toxico / San Jerónimo,70,19.50583238,-99.76611813
18: San Antonio Toxico / San Jerónimo,71,19.50532672,-99.76530274
18: San Antonio Toxico / San Jerónimo,72,19.50565034,-99.76468046
18: San Antonio Toxico / San Jerónimo,73,19.5088056,-99.76337155
18: San Antonio Toxico / San Jerónimo,74,19.50969553,-99.76281365
18: San Antonio Toxico / San Jerónimo,75,19.51242597,-99.76216992
18: San Antonio Toxico / San Jerónimo,76,19.51382152,-99.76098974
18: San Antonio Toxico / San Jerónimo,77,19.5177856,-99.75523909
18: San Antonio Toxico / San Jerónimo,78,19.52079905,-99.75156983
18: San Antonio Toxico / San Jerónimo,79,19.5208395,-99.75159128
18: San Antonio Toxico / San Jerónimo,80,19.51693616,-99.74403818
18: San Antonio Toxico / San Jerónimo,81,19.51643054,-99.74077662
18: San Antonio Toxico / San Jerónimo,82,19.51590469,-99.74015435
18: San Antonio Toxico / San Jerónimo,83,19.51423585,-99.7412017
18: San Antonio Toxico / San Jerónimo,84,19.5112534,-99.74186515
18: San Antonio Toxico / San Jerónimo,85,19.50913678,-99.74125273
18: San Antonio Toxico / San Jerónimo,86,19.50394134,-99.74339621
18: San Antonio Toxico / San Jerónimo,87,19.49653273,-99.7465604
18: San Antonio Toxico / San Jerónimo,88,19.49566676,-99.74594797
18: San Antonio Toxico / San Jerónimo,89,19.48989355,-99.73681267
18: San Antonio Toxico / San Jerónimo,90,19.48816155,-99.73620024
18: San Antonio Toxico / San Jerónimo,91,19.48488994,-99.73553679
18: San Antonio Toxico / San Jerónimo,92,19.48330222,-99.73543472
18: San Antonio Toxico / San Jerónimo,93,19.48233996,-99.73441401
18: San Antonio Toxico / San Jerónimo,94,19.48224374,-99.73451608
18: San Antonio Toxico / San Jerónimo,95,19.48298949,-99.7341078
18: San Antonio Toxico / San Jerónimo,96,19.48286921,-99.73239812
18: San Antonio Toxico / San Jerónimo,97,19.4820994,-99.73084154
18: San Antonio Toxico / San Jerónimo,98,19.48214751,-99.73081603
18: San Antonio Toxico / San Jerónimo,99,19.4820994,-99.73076499
18: San Antonio Toxico / San Jerónimo,100,19.48207534,-99.73022912
18: San Antonio Toxico / San Jerónimo,101,19.48233996,-99.72979532
18: San Antonio Toxico / San Jerónimo,102,19.4845291,-99.72851944
18: San Antonio Toxico / San Jerónimo,103,19.48498617,-99.72747322
18: San Antonio Toxico / San Jerónimo,104,19.48549134,-99.7277284
18: San Antonio Toxico / San Jerónimo,105,19.48654981,-99.7274477
18: San Antonio Toxico / San Jerónimo,106,19.48659792,-99.72785598
18: San Antonio Toxico / San Jerónimo,107,19.48659792,-99.73071396
18: San Antonio Toxico / San Jerónimo,108,19.48657387,-99.73130086
18: San Antonio Toxico / San Jerónimo,109,19.48724743,-99.73209191
18: San Antonio Toxico / San Jerónimo,110,19.48741582,-99.73377607
18: San Antonio Toxico / San Jerónimo,111,19.49300909,-99.73451404
18: San Antonio Toxico / San Jerónimo,112,19.49911894,-99.73624924
18: San Antonio Toxico / San Jerónimo,113,19.50539694,-99.73502439
18: San Antonio Toxico / San Jerónimo,114,19.51314187,-99.73326367
18: San Antonio Toxico / San Jerónimo,115,19.51410395,-99.73369747
18: San Antonio Toxico / San Jerónimo,116,19.51975604,-99.73890307
18: San Antonio Toxico / San Jerónimo,117,19.52677879,-99.74418521
18: San Antonio Toxico / San Jerónimo,118,19.52843823,-99.74515488
18: San Antonio Toxico / San Jerónimo,119,19.52966476,-99.74535902
18: San Antonio Toxico / San Jerónimo,120,19.53491384,-99.7461135
18: San Antonio Toxico / San Jerónimo,121,19.54223501,-99.74905704
18: San Antonio Toxico / San Jerónimo,122,19.54309293,-99.74966395
18: San Antonio Toxico / San Jerónimo,123,19.55175775,-99.75627932
19: Guadalupe Cachi / Zapata,1,19.54847799,-99.76572069
19: Guadalupe Cachi / Zapata,2,19.54829211,-99.76556896
19: Guadalupe Cachi / Zapata,3,19.54814913,-99.76540206
19: Guadalupe Cachi / Zapata,4,19.54813483,-99.7649317
19: Guadalupe Cachi / Zapata,5,19.54740562,-99.76383925
19: Guadalupe Cachi / Zapata,6,19.54850659,-99.76312613
19: Guadalupe Cachi / Zapata,7,19.55016518,-99.76399098
19: Guadalupe Cachi / Zapata,8,19.55095158,-99.7629744
19: Guadalupe Cachi / Zapata,9,19.55118714,-99.76304162
19: Guadalupe Cachi / Zapata,10,19.55135547,-99.76282473
19: Guadalupe Cachi / Zapata,11,19.55149975,-99.76232713
19: Guadalupe Cachi / Zapata,12,19.55248564,-99.76166367
19: Guadalupe Cachi / Zapata,13,19.55259385,-99.7611278
19: Guadalupe Cachi / Zapata,14,19.55216102,-99.76050262
19: Guadalupe Cachi / Zapata,15,19.55216102,-99.76028572
19: Guadalupe Cachi / Zapata,16,19.55301466,-99.75943088
19: Guadalupe Cachi / Zapata,17,19.55394043,-99.7588057
19: Guadalupe Cachi / Zapata,18,19.55407268,-99.75841018
19: Guadalupe Cachi / Zapata,19,19.5521921,-99.75700671
19: Guadalupe Cachi / Zapata,20,19.55152715,-99.75651211
19: Guadalupe Cachi / Zapata,21,19.54905955,-99.76538552
19: Guadalupe Cachi / Zapata,22,19.55375247,-99.76625162
19: Guadalupe Cachi / Zapata,23,19.55558879,-99.76682902
19: Guadalupe Cachi / Zapata,24,19.556915,-99.76718989
19: Guadalupe Cachi / Zapata,25,19.55844524,-99.76733424
19: Guadalupe Cachi / Zapata,26,19.56139005,-99.76743587
19: Guadalupe Cachi / Zapata,27,19.56226769,-99.76751243
19: Guadalupe Cachi / Zapata,28,19.56292891,-99.76766553
19: Guadalupe Cachi / Zapata,29,19.56552571,-99.76774208
19: Guadalupe Cachi / Zapata,30,19.56663174,-99.76809933
19: Guadalupe Cachi / Zapata,31,19.5674853,-99.76797174
19: Guadalupe Cachi / Zapata,32,19.56932465,-99.7673338
19: Guadalupe Cachi / Zapata,33,19.57044268,-99.76698931
19: Guadalupe Cachi / Zapata,34,19.57118802,-99.76806105
19: Guadalupe Cachi / Zapata,35,19.57175304,-99.76920935
19: Guadalupe Cachi / Zapata,36,19.57180113,-99.76969418
19: Guadalupe Cachi / Zapata,37,19.57279892,-99.77183766
19: Guadalupe Cachi / Zapata,38,19.5734601,-99.77387907
19: Guadalupe Cachi / Zapata,39,19.57371255,-99.7771836
19: Guadalupe Cachi / Zapata,40,19.57408522,-99.77820431
19: Guadalupe Cachi / Zapata,41,19.57528736,-99.78039882
19: Guadalupe Cachi / Zapata,42,19.57522726,-99.78098573
19: Guadalupe Cachi / Zapata,43,19.57365245,-99.78582131
19: Guadalupe Cachi / Zapata,44,19.57297924,-99.78759479
19: Guadalupe Cachi / Zapata,45,19.57330382,-99.78834756
19: Guadalupe Cachi / Zapata,46,19.585009,-99.80223317
19: Guadalupe Cachi / Zapata,47,19.59006311,-99.81478579
19: Guadalupe Cachi / Zapata,48,19.59072066,-99.81660654
19: Guadalupe Cachi / Zapata,49,19.59320789,-99.82112805
19: Guadalupe Cachi / Zapata,50,19.59480885,-99.82079425
20: San Bartolo del Llano,1,19.55147815,-99.7565473
20: San Bartolo del Llano,2,19.55337886,-99.75787767
20: San Bartolo del Llano,3,19.55412701,-99.75822099
20: San Bartolo del Llano,4,19.55976832,-99.76109632
20: San Bartolo del Llano,5,19.56053666,-99.7614611
20: San Bartolo del Llano,6,19.56122411,-99.76150402
20: San Bartolo del Llano,7,19.56551053,-99.76101049
20: San Bartolo del Llano,8,19.56943055,-99.7604616
20: San Bartolo del Llano,9,19.56898867,-99.75584661
20: San Bartolo del Llano,10,19.57141707,-99.75542556
20: San Bartolo del Llano,11,19.57261104,-99.75523425
20: San Bartolo del Llano,12,19.57351265,-99.75518321
20: San Bartolo del Llano,13,19.57352467,-99.75517045
20: San Bartolo del Llano,14,19.57393942,-99.75533632
20: San Bartolo del Llano,15,19.5753159,-99.75605004
20: San Bartolo del Llano,16,19.57533734,-99.75596659
20: San Bartolo del Llano,17,19.57542312,-99.75594763
20: San Bartolo del Llano,18,19.57544099,-99.75569727
20: San Bartolo del Llano,19,19.57555268,-99.75440051
20: San Bartolo del Llano,20,19.57562415,-99.7540705
20: San Bartolo del Llano,21,19.57574924,-99.75360773
20: San Bartolo del Llano,22,19.57592794,-99.75326255
20: San Bartolo del Llano,23,19.57621743,-99.75284529
20: San Bartolo del Llano,24,19.57761484,-99.75158215
20: San Bartolo del Llano,25,19.57782574,-99.75172473
20: San Bartolo del Llano,26,19.57804181,-99.75161341
20: San Bartolo del Llano,27,19.57812647,-99.75124729
20: San Bartolo del Llano,28,19.57876547,-99.75155838
20: San Bartolo del Llano,29,19.57925834,-99.752107
20: San Bartolo del Llano,30,19.58043039,-99.75255356
20: San Bartolo del Llano,31,19.58396452,-99.74885351
20: San Bartolo del Llano,32,19.5858698,-99.74746918
20: San Bartolo del Llano,33,19.5866932,-99.74623157
20: San Bartolo del Llano,34,19.57827261,-99.74433051
20: San Bartolo del Llano,35,19.57899988,-99.7434055
20: San Bartolo del Llano,36,19.58042438,-99.74057304
20: San Bartolo del Llano,37,19.58340556,-99.73314742
20: San Bartolo del Llano,38,19.58400942,-99.73378061
20: San Bartolo del Llano,39,19.58402144,-99.73439303
20: San Bartolo del Llano,40,19.58396134,-99.73506925
20: San Bartolo del Llano,41,19.58437004,-99.73569443
20: San Bartolo del Llano,42,19.58450227,-99.73615375
20: San Bartolo del Llano,43,19.58487491,-99.73645996
20: San Bartolo del Llano,44,19.58503118,-99.73690652
20: San Bartolo del Llano,45,19.58533169,-99.73722549
20: San Bartolo del Llano,46,19.58563912,-99.7367702
20: San Bartolo del Llano,47,19.58606366,-99.73673801
20: San Bartolo del Llano,48,19.58664992,-99.73690967
20: San Bartolo del Llano,49,19.58696327,-99.7368453
20: San Bartolo del Llano,50,19.58746867,-99.73668437
20: San Bartolo del Llano,51,19.5881459,-99.7369204
20: San Bartolo del Llano,52,19.58827974,-99.73754687
20: San Bartolo del Llano,53,19.58861567,-99.7375848
20: San Bartolo del Llano,54,19.58923749,-99.73895036
20: San Bartolo del Llano,55,19.58940902,-99.7389807
20: San Bartolo del Llano,56,19.59004156,-99.74012246
20: San Bartolo del Llano,57,19.59016664,-99.7401035
20: San Bartolo del Llano,58,19.59041679,-99.74065351
20: San Bartolo del Llano,59,19.59037391,-99.74114663
20: San Bartolo del Llano,60,19.59062406,-99.74164734
20: San Bartolo del Llano,61,19.59100644,-99.74246667
20: San Bartolo del Llano,62,19.59195705,-99.74367542
21: San Mateo / San Francisco,1,19.55157669,-99.75653398
21: San Mateo / San Francisco,2,19.553243,-99.75776095
21: San Mateo / San Francisco,3,19.55980607,-99.76115316
21: San Mateo / San Francisco,4,19.56062219,-99.76140577
21: San Mateo / San Francisco,5,19.5614723,-99.76147795
21: San Mateo / San Francisco,6,19.56946316,-99.76044946
21: San Mateo / San Francisco,7,19.57347544,-99.76053967
21: San Mateo / San Francisco,8,19.57532854,-99.76108098
21: San Mateo / San Francisco,9,19.57638259,-99.76144186
21: San Mateo / San Francisco,10,19.59874991,-99.77167163
21: San Mateo / San Francisco,11,19.5987398,-99.77165017
21: San Mateo / San Francisco,12,19.60209762,-99.77304088
21: San Mateo / San Francisco,13,19.61288148,-99.77565872
21: San Mateo / San Francisco,14,19.61290169,-99.77563726
21: San Mateo / San Francisco,15,19.6151655,-99.77581965
21: San Mateo / San Francisco,16,19.62038023,-99.7772895
21: San Mateo / San Francisco,17,19.62015837,-99.7777548
21: San Mateo / San Francisco,18,19.61983989,-99.77796532
21: San Mateo / San Francisco,19,19.61952141,-99.77850757
21: San Mateo / San Francisco,20,19.61700962,-99.78366851
21: San Mateo / San Francisco,21,19.61491843,-99.78773219
21: San Mateo / San Francisco,22,19.61909477,-99.79391383
21: San Mateo / San Francisco,23,19.61857198,-99.79441143
21: San Mateo / San Francisco,24,19.61679329,-99.79542575
21: San Mateo / San Francisco,25,19.61655292,-99.79545127
21: San Mateo / San Francisco,26,19.60938986,-99.79981478
21: San Mateo / San Francisco,27,19.60740674,-99.80080359
22: Toluca,1,19.55166116,-99.75622582
22: Toluca,2,19.54276756,-99.74933734
22: Toluca,3,19.54199543,-99.7488518
22: Toluca,4,19.53435889,-99.74594927
22: Toluca,5,19.52958039,-99.74535383
22: Toluca,6,19.52844101,-99.745011
22: Toluca,7,19.52755671,-99.74461404
22: Toluca,8,19.52060118,-99.73957985
22: Toluca,9,19.51378141,-99.73355326
22: Toluca,10,19.51289703,-99.73337282
22: Toluca,11,19.49912377,-99.73627129
22: Toluca,12,19.49797955,-99.73608922
22: Toluca,13,19.49394613,-99.73466297
22: Toluca,14,19.49122851,-99.73423813
22: Toluca,15,19.48833921,-99.73378294
22: Toluca,16,19.48387643,-99.73326706
22: Toluca,17,19.47667107,-99.73427472
22: Toluca,18,19.4759566,-99.73394994
22: Toluca,19,19.46945817,-99.72972772
22: Toluca,20,19.46826733,-99.72940293
22: Toluca,21,19.45925069,-99.72868118
22: Toluca,22,19.43131294,-99.72543332
22: Toluca,23,19.38889913,-99.7077494
22: Toluca,24,19.38702688,-99.70673896
22: Toluca,25,19.3831757,-99.70582741
22: Toluca,26,19.38093706,-99.70457704
22: Toluca,27,19.31761588,-99.65212794
22: Toluca,28,19.31765458,-99.65238285
22: Toluca,29,19.31673568,-99.64470825
22: Toluca,30,19.31398647,-99.64052054
22: Toluca,31,19.31324188,-99.63663629
22: Toluca,32,19.31244001,-99.63572591
22: Toluca,33,19.30373378,-99.62807879
22: Toluca,34,19.30235907,-99.62753257
22: Toluca,35,19.28872591,-99.62807879
22: Toluca,36,19.28740836,-99.62813948
22: Toluca,37,19.28431493,-99.63360171
22: Toluca,38,19.2840285,-99.63967086
22: Toluca,39,19.2750282,-99.64697002
22: Toluca,40,19.2731253,-99.64441825
